model,score_threshold,AP50,precision,recall,mean_matched_iou,mean_best_iou_per_image,miss_rate,num_predictions,num_ground_truth,mean_inference_ms,median_inference_ms
YOLO,0.3,0.24211199581623077,0.07546356188012074,0.9749303621169917,0.7505641334397453,0.8477615987814568,0.0,4638,359,17.42836462388439,14.941700006602332
Faster R-CNN,0.3,0.9999722838401794,0.9702702702702702,1.0,0.9424549630093375,0.9427709466567611,0.0,370,359,145.46667242371302,140.83690001280047
YOLO,0.5,0.24211199581623077,0.09541984732824428,0.9749303621169917,0.7505641334397453,0.8416661743002017,0.008356545961002786,3668,359,28.95205153212662,15.729099992313422
Faster R-CNN,0.5,0.9999722838401794,0.9755434782608695,1.0,0.9424549630093375,0.9427709466567611,0.0,368,359,169.68448885820592,140.17699999385513
YOLO,0.7,0.2341402769088745,0.12786108918705605,0.9025069637883009,0.7528846806582109,0.7812225484395592,0.025069637883008356,2534,359,13.958339275799375,10.711800001445226
Faster R-CNN,0.7,0.9999722838401794,0.9808743169398907,1.0,0.9424549630093375,0.9427709466567611,0.0,366,359,138.1196139267163,113.24719998810906
